<?xml version="1.0" encoding="UTF-8"?>
<!DOCTYPE mapper PUBLIC "-//mybatis.org//DTD Mapper 3.0//EN" "http://mybatis.org/dtd/mybatis-3-mapper.dtd">
<mapper namespace="com.yy.lib.mapper.SeatMapper">

    <resultMap id="setResultMap" type="com.yy.lib.entity.Seat">
        <id property="id" column="id" />
        <result property="status" column="status" />
        <result property="startTime" column="start_time" />
        <result property="endTime" column="end_time"/>
        <result property="area" column="area" />
        <result property="column" column="column" />
        <result property="floor" column="floor" />
        <result property="row" column="row" />
        <result property="total" column="total" />
    </resultMap>

    <select id="selectListByFloor" resultMap="setResultMap">
        select * from seat where floor = #{floor}
    </select>


    <update id="updateStatusById">
        update seat set status = 1, start_time = #{start}, end_time = #{end} where id = #{id}
    </update>

</mapper>
