<?xml version="1.0" encoding="UTF-8"?>
<!DOCTYPE mapper PUBLIC "-//mybatis.org//DTD Mapper 3.0//EN" "http://mybatis.org/dtd/mybatis-3-mapper.dtd">
<mapper namespace="com.yy.lib.mapper.UserMapper">

    <resultMap id="userResultMap" type="com.yy.lib.entity.User">
        <id property="id" column="id" />
        <result property="username" column="username" />
        <result property="password" column="password" />
        <result property="sex" column="sex" />
        <result property="score" column="score" />
        <result property="address" column="address" />
        <result property="role" column="role" />
        <result property="online" column="online" />
        <result property="nickname" column="nickname" />
    </resultMap>

    <select id="selectByUsername" resultMap="userResultMap">
        select * from user where username = #{username}
    </select>

    <select id="selectByRole" resultMap="userResultMap">
        select * from user where role = #{role}
    </select>

    <delete id="deleteOneById">
        delete from user where id = #{id}
    </delete>

</mapper>
