{
	"easycom": {
		// npm安装的方式不需要前面的"@/"，下载安装的方式需要"@/"
		// npm安装方式
		"^u-(.*)": "uview-ui/components/u-$1/u-$1.vue"
		// 下载安装方式
		// "^u-(.*)": "@/uview-ui/components/u-$1/u-$1.vue"
	},
	"pages": [{
			"path": "pages/index/index",
			"style": {
				"navigationBarTitleText": "图书馆预约"
			}
		}, {
			"path": "pages/personal/personal",
			"style": {
				"navigationBarTitleText": "个人中心",
				"enablePullDownRefresh": false
			}

		}

	    ,{
            "path" : "pages/index/seatReservation/seatReservation",
            "style" :                                                                                    
            {
                "navigationBarTitleText": "座位预约",
                "enablePullDownRefresh": false
            }
            
        }
        ,{
            "path" : "pages/index/consultationAnnouncement/consultationAnnouncement",
            "style" :                                                                                    
            {
                "navigationBarTitleText": "咨询公告",
                "enablePullDownRefresh": false
            }
            
        }
        ,{
            "path" : "pages/index/consultationAnnouncement/detail/detail",
            "style" :                                                                                    
            {
                "navigationBarTitleText": "",
                "enablePullDownRefresh": false
            }
            
        }
        ,{
            "path" : "pages/login/login",
            "style" :                                                                                    
            {
                "navigationBarTitleText": "用户登录",
                "enablePullDownRefresh": false
            }
            
        }
        ,{
            "path" : "pages/login/regedit/regedit",
            "style" :                                                                                    
            {
                "navigationBarTitleText": "用户注册",
                "enablePullDownRefresh": false
            }
            
        }
        ,{
            "path" : "pages/personal/creditScoreManagement/creditScoreManagement",
            "style" :                                                                                    
            {
                "navigationBarTitleText": "信用分",
                "enablePullDownRefresh": false
            }
            
        }
        ,{
            "path" : "pages/index/seatReservation/seatDeatil/seatDeatil",
            "style" :                                                                                    
            {
                "navigationBarTitleText": "",
                "enablePullDownRefresh": false
            }
            
        }
				,{
				    "path" : "pages/manageTeacher/manageTeacher",
				    "style" :                                                                                    
				    {
				        "navigationBarTitleText": "老师管理",
				        "enablePullDownRefresh": false
				    }
				    
				}
				,{
				    "path" : "pages/manageStudent/manageStudent",
				    "style" :                                                                                    
				    {
				        "navigationBarTitleText": "学生管理",
				        "enablePullDownRefresh": false
				    }
				    
				}
				,{
				    "path" : "pages/changeInfo/changeInfo",
				    "style" :                                                                                    
				    {
				        "navigationBarTitleText": "修改信息",
				        "enablePullDownRefresh": false
				    }
				    
				}
				,{
				    "path" : "pages/changePasswd/changePasswd",
				    "style" :                                                                                    
				    {
				        "navigationBarTitleText": "修改密码",
				        "enablePullDownRefresh": false
				    }
				    
				}
    ],
	"globalStyle": {
		"navigationBarTextStyle": "white",
		"navigationBarTitleText": "图书馆预约",
		"navigationBarBackgroundColor": "#007AFF",
		"backgroundColor": "#F8F8F8",
		"app-plus": {
			"background": "#efeff4"
		}
	},
	"tabBar":{
		"list":[
			{
				"selectedIconPath":"static/templateHL.png",
				"iconPath":"static/template.png",
				"pagePath":"pages/index/index",
				"text":"座位预约"
			},
			{
				"selectedIconPath":"static/templateHL.png",
				"iconPath":"static/template.png",
				"pagePath":"pages/personal/personal",
				"text":"个人中心"
			}
		]
	}
}
